ID,Company_Name,Address,Phone,Email,Website,Contact_Name
13259,"DXC Technology Australia Pty Limited DXC Information Technology Evaluation, Security & Testing (ITEST) Facility","26 Talavera Road MACQUARIE PARK, NSW 2113",+61 0419668193,matthew.pet.newbery@dxc.com,http://www.dxc.technology/security,Mr Matthew Peter Newbery
20744,1 CCTV PTY LTD,"42 Murdoch Road ORANGEVILLE, NSW 2570",+61 0450251971,jay@1cctv.com.au,,Mr Jay Matt Davidson
17418,Ballarat Specialist Womens Health,"1015 Mair St BALLARAT, VIC 3350",,,,
20192,Hunter Cardiac Investigations,"324 Medical Specialists 324 Brunker Road ADAMSTOWN, NSW 2289",,,,
15805,360biolabs Pty Ltd,"85 Commercial Road Melbourne, VIC 3004",+61(03) 92822184,bd@360biolabs.com,http://www.360biolabs.com,Ms Angela Luttick
15805,360biolabs Pty Ltd,"85 Commercial Road Melbourne, VIC 3004",+61 0400641333,bd@360biolabs.com,http://http://www.360biolabs.com,Ms Angela Luttick
20214,3M Australia Pty Ltd,"1/93 Derby Street SILVERWATER, NSW 2128",+61(02) 87182068,KSmolski@mmm.com,http://www.3M.com.au/FallProtection,Mr Kamil Smolski
20341,4Cyte Pathology Pty Ltd,"Room 1 Suite 8/796 High Street KEW EAST, VIC 3102",+61 134298,mario.theocharous@4cyte.com.au,http://www.4cyte.com.au,Mr N Pagonis
20341,4Cyte Pathology Pty Ltd,"1 Lucknow Road NORTH RYDE, NSW 2113",+61 0435659701,mario.theocharous@4cyte.com.au,http://www.4Cyte.com.au,Mr Mario Theocharous
20459,Prime Mediscan Services,"Level 1 32 Queen Street CAMPBELLTOWN, NSW 2560",,,,
20899,PRIME SLEEP AND DIAGNOSTIC CENTRE,"3 TANNERY STREET UNANDERRA, NSW 2526",,,,
19604,A C Testing Services,"2/1 Monro St NAMBUCCA HEADS, NSW 2448",+61 0438857377,adam@actestingservices.com.au,,Mr Adam Crawford
20703,A C Testing Services,"11/215 Mann Street ARMIDALE, NSW 2350",+61 0438857377,adam@actestingservices.com.au,,Mr Adam  Crawford
14896,A Hydrostatic Pty Ltd,"51 Tess Circuit ORAN PARK, NSW 2570",+61 0408003477,ahydro@bigpond.com,,Mr Allen Hawkins
1844,A. Noble & Son Limited (Nobles),"63 Rai Drive, CRESTMEAD, QLD 4132",,,http://nobles.com.au,
19908,GC Heart and Specialist Centre,"Pacific Private Clinic 249 Central St ARUNDEL, QLD 4214",,,,
19545,A-Gas Australia Pty Ltd A-Gas,"9-11 Oxford Road LAVERTON NORTH, VIC 3026",+61(03) 93689222,elvira.nigido@agas.com,http://www.agas.com,Ms Elvira Nigido
18666,AAA Mackay Pathology,"1b/1 Windmill Crossing MOUNT PLEASANT, QLD 4740",+61(07) 49420128,henry.lau@aaamackay.com.au,http://www.aaamackaypathology.com.au,Dr Henry Lau
20888,Norwest Day Hospital,"Norwest Medical Centre FL 1, SE 102, 9 Norbrik Drive BELLA VISTA, NSW 2153",,,,
2531,St Vincent's Pathology,"Abbotsford Medical and Acupuncture Centre 295 Victoria Street ABBOTSFORD, VIC 3067",+61(03) 92314095,valena.braniff@svha.org.au,http://www.svhm.org.au,Ms Valena Braniff
2220,Tetra Tech Coffey Pty Ltd,"Level 1, 436 Johnston Street Abbotsford, VIC 3067",+61(03) 92907000,Simon.Blanch@coffey.com,http://www.coffey.com,Mr Simon Blanch
2204,Dorevitch Pathology,"Level 1 46 Sir Donald Bradman Drive MILE END, SA 5031",+61(03) 92440336,Tim.Gunzburg@dorevitch.com.au,http://http://www.abbottpathology.com.au,Ms Nadine Shiells
20125,ABC Refinery PTY LTD,"12-14 Meeks Road MARRICKVILLE, NSW 2204",+61 0413382941,Ron.cook@ebsrefinery.com,http://www.abcrefinery.com,Mr Ronald J Cook
19594,Abdex Industries Pty Ltd,"42 Bushland Ridge BIBRA LAKE, WA 6163",+61(08) 94183044,sales@abdex.com.au,http://www.abdex.com.au,Mr Daniel Bain
15676,Aben Technical Services Pty Ltd,"Factory 11, 46-50 Buchanan Road BROOKLYN, VIC 3012",+61(03) 93148818,azaccari@aben-tech.com.au,http://www.aben-tech.com.au,Mr Angelo Zaccari
14689,Abrostow 2000 Pty Ltd,"38 Ashby Close BARGO, NSW 2574",+61(02) 46843883,abrostow@bigpond.com,http://www.pipetesting.com.au,Mrs Sharon Poyntz
16864,Absolute Lifting & Safety,"1/214 Leitchs Road BRENDALE, QLD 4500",+61(07) 32057000,steve@absolutels.com.au,http://www.absoluteliftingandsafety.com.au,Mr Stephen Smith
18641,ABV Inspections,"Unit F7/5-7 Hepher Road CAMPBELLTOWN, NSW 2560",+61(02) 46477698,inspectors@abvinspections.com.au,http://www.abvinspections.com.au,Mr Justin Gorrie
17051,AUSTUBE MILLS,"146 Ingram Road ACACIA RIDGE, QLD 4110",+61(07) 39096113,milan.bijok@austubemills.com,http://www.austubemills.com,Mr Milan Bijok
19349,Access Cardiology,"Unit 46, Floor 2, Hollywood Medical Centre 85 Monash Avenue NEDLANDS, WA 6009",,,,
20788,ACCESS CARDIOLOGY,"32 Miniliya Parkway GREENFIELDS, WA 6210",,,,
502,Accredited Test Services,"2153 Melbourne - Lancefield Road MONEGEETTA, VIC 3433",,,,
502,Accredited Test Services,"2153 Melbourne-Lancefield Road MONEGEETTA, VIC 3433",,,,
502,Accredited Test Services,"2153 Melbourne-Lancefield Road MONEGEETTA, VIC 3433",,,,
15636,Animal Consulting Enterprises Pty Ltd ACE Laboratory Services,"12 Gildea Lane EAST BENDIGO, VIC 3550",+61(03) 54439665,brent.maddren@acelabservices.com.au,,Mr Brent Maddren
15636,Animal Consulting Enterprises Pty Ltd ACE Laboratory Services,"12 Gildea Lane EAST BENDIGO, VIC 3550",+61(03) 54439665,brent.maddren@acelabservices.com.au,,Mr Brent Maddren
15784,ACIRL Quality Testing Services Pty Ltd trading as ACTest,"478 Freeman Road RICHLANDS, QLD 4077",+61(07) 37138417,andrew.white@alsglobal.com,http://www.alsglobal.com,Mr A White
15784,ACIRL Quality Testing Services Pty Ltd trading as ACTest,"BMA Caval Ridge Mine Peak Downs Highway MORANBAH, QLD 4744",+61 0439465039,Tim.Elletson@alsglobal.com,http://www.alsglobal.com,Mr Tim Elletson
15784,ACIRL Quality Testing Services Pty Ltd trading as ACTest,"Lot 2073 Collins Street Array COLLIE, WA 6225",+61(08) 97343622,clayton.flynn@alsglobal.com,http://www.alsglobal.com,Mr Clayton Flynn
15784,ACIRL Quality Testing Services Pty Ltd trading as ACTest,"BMA Daunia Mine Daunia Mine Access Road COPPABELLA, QLD 4741",+61 0439465039,Tim.Elletson@alsglobal.com,http://www.alsglobal.com,Mr Tim Elletson
15784,ACIRL Quality Testing Services Pty Ltd trading as ACTest,"9 Foundry Road PO Box 1316 EMERALD, QLD 4720",+61(07) 49882600,Katie.West@alsglobal.com,http://www.alsglobal.com,Ms K West
15784,ACIRL Quality Testing Services Pty Ltd trading as ACTest,"5-7 Talbot Road GUNNEDAH, NSW 2380",+61(02) 67420058,gunnedah.laboratory@alsglobal.com,http://www.alsglobal.com,Mr Matthew Steele
15784,ACIRL Quality Testing Services Pty Ltd trading as ACTest,"Unit 2, 16 Donald Street LITHGOW, NSW 2790",+61(02) 63507400,Almudenda.bryce@alsglobal.com,http://www.alsglobal.com,Ms A Bryce
723,ACM Laboratory Pty Ltd,"21 Teton Court HIGHETT, VIC 3190",+61(03) 95550671,don@acmlab.com.au,http://acmlab.com.au,Mr Don Zhao
14172,Acoustic Research Labs Pty Ltd,"36/14 Loyalty Road NORTH ROCKS, NSW 2151",+61(02) 94840800,ken.williams@acousticresearch.com.au,http://www.acousticresearch.com.au,Mr Ken Williams
1,National Measurement Institute (NMI),"36 Bradfield Road LINDFIELD WEST, NSW 2070",+61(02) 84673836,calibration.coordinator@measurement.gov.au,http://www.measurement.gov.au,Ms Charmaine Kwan
14383,Acousto-Scan Pty Ltd,"44/59-69 Halstead Street SOUTH HURSTVILLE, NSW 2221",+61 0415423334,admin@acoustoscan.com.au,http://www.acoustoscan.com.au,Mr Grant Humphreys
16973,ACS Laboratories (Australia),"37 Stubbs Street Kensington, VIC 3031",+61(03) 92200115,vince@acslab.com.au,http://www.acslab.com.au,Mr V Murone
1287,ACT Health,"25 Mulley Street HOLDER, ACT 2611",+61(02) 51249195,jade.redfern@act.gov.au,,Dr Jade Redfern
1287,ACT Health,"Howard Florey Centenary House 25 Mulley Street HOLDER, ACT 2611",+61(02) 51249195,jade.redfern@act.gov.au,,Dr Jade Redfern
1287,ACT Health,"25 Mulley Street HOLDER, ACT 2611",+61(02) 51249195,jade.redfern@act.gov.au,,Dr Jade Redfern
15784,ACIRL Quality Testing Services Pty Ltd trading as ACTest,"46 Callemondah Drive GLADSTONE, QLD 4680",+61(07) 49715600,Vanessa.Warden@alsglobal.com,http://www.alsglobal.com,Ms Vanessa Warden
15784,ACIRL Quality Testing Services Pty Ltd trading as ACTest,"5 John Vella Drive PAGET, QLD 4740",+61(07) 49639300,,http://www.alsglobal.com,Mr Daniel Johnson
15784,ACIRL Quality Testing Services Pty Ltd trading as ACTest,"2 Spit Island Close MAYFIELD, NSW 2304",+61(02) 40142600,Stephen.Studdert@alsglobal.com,http://www.alsglobal.com,Mr Stephen Studdert
14716,ACTION CCTV SERVICES,"121 Myall Street OATLEY, NSW 2223",+61 0407741679,diblasi121@bigpond.com,,Mr Marcelo Diblasi
19996,Active Orthopaedic Centre,"1401 High Street GLEN IRIS, VIC 3146",,,,
17093,Active Soil Testing Pty Ltd,"163 North Branch Road MARYVALE, QLD 4370",+61(07) 46661092,ActiveSoilTesting@bigpond.com,,Mr Peter Andrew Locke
9262,ACU-VIB Electronics,"Unit 14/22 Hudson Avenue CASTLE HILL, NSW 2154",+61(02) 96808133,jack@acu-vib.com.au,http://www.acu-vib.com.au,Mr Jack Kielt
2203,Laverty Pathology,"Suite 3, 282 Brunker Road ADAMSTOWN, NSW 2289",+61(02) 49234244,peter.limbert@laverty.com.au,http://www.laverty.com.au,Mr P Limbert
3427,Australian Clinical Labs,"1 Butler Boulevard ADELAIDE AIRPORT, SA 5950",+61(08) 82055683,natalie.taylor@clinicallabs.com.au,http://www.Clinicallabs.com.au,Mrs Natalie Taylor
19420,Adelaide Belt & Hose Distributors Pty Ltd,"42 Scotland Road MILE END, SA 5031",+61(08) 82341155,Malcolm@abhose.com.au,http://www.beltandhose.com.au,Mr Malcolm Amos
11629,Mettler Toledo Limited,"29 Walsh Street THEBARTON, SA 5031",+61 1300659761,timothy.musimwa@mt.com,http://au.mt.com,Mr T Musimwa
1267,Bureau Veritas Asset Integrity and Reliability Services Pty Limited,"22A Taminga Street REGENCY PARK, SA 5010",+61(08) 84165270,fernando.borges@bureauveritas.com,http://http://www.bureauveritas.com.au,Mr Fernando Borges
1267,Bureau Veritas Asset Integrity and Reliability Services Pty Limited,"22A Taminga Street REGENCY PARK, SA 5010",+61 0410221484,paul.hosking@au.bureauveritas.com,http://www.bureauveritas.com.au,Mr Paul Hosking
252,Adelaide Brighton Cement Ltd,"62 Elder Road BIRKENHEAD, SA 5015",+61(08) 83000364,marc.wythe@adbri.com.au,,Mr Marc Wythe
252,Adelaide Brighton Cement Ltd,"62 Elder Road BIRKENHEAD, SA 5015",+61(08) 83000364,marc.wythe@adbri.com.au,,Mr Marc Wythe
16948,Adelaide East MRI Pty Ltd,"298 Payneham Road PAYNEHAM, SA 5070",,,,
20752,ADELAIDE HEART CLINIC,"Calvary Adelaide Consulting Suite Floor 2, 120 Angus St ADELAIDE, SA 5000",,,,
17397,Adelaide Heart Clinic,"32 North Tce KENT TOWN, SA 5067",,,,
20394,Glen Dimplex Australia Pty Ltd,"11 Duncan Road DRY CREEK, SA 5094",+61 0401048814,tim.cannon@glendimplex.com.au,,Mr Tim Cannon
13770,Intertek AIS,"150-152 Francis St WINGFIELD, SA 5013",+61(08) 83450400,jomy.paul@intertek.com,http://www.intertek.com,Mr Jomy Paul
369,Bullivants Pty Limited,"1/14 White Road GEPPS CROSS, SA 5094",+61(08) 82153700,greg.dufour@bullivants.com,http://www.bullivants.com,Mr Greg Dufour
1986,Construction Sciences Pty Ltd,"Unit 6 7-9 Streiff Road WINGFIELD, SA 5013",+61(08) 81643932,adam.gleeson@constructionsciences.net,http://www.constructionsciences.net,Mr Adam Gleeson
332,A. Noble & Son Limited (Nobles),"80-92 Grand Junction Road KILBURN, SA 5084",+61(08) 81696688,AP@nobles.com.au,http://www.nobles.com.au,Mr David Miller
431,Coffey Testing Pty Ltd,"Unit 2, 30-34 Ragless Street ST MARYS, SA 5042",+61 0475025335,stephen.pender@coffeytesting.com,http://www.coffeytesting.com,Mr Stephen Pender
10166,IDEXX Laboratories Pty Ltd,"117 Greenhill Road UNLEY, SA 5061",+61(08) 81522722,maryke-duplessis@idexx.com,http://www.idexx.com.au,Ms Maryke Du Plessis
1961,Golder Associates Pty Ltd,"118 Franklin Street ADELAIDE, SA 5000",+61(08) 82132126,gmiller@golder.com.au,http://www.golder.com,Mr Grant Miller
5450,Greencap Pty Ltd,"12 Greenhill Road WAYVILLE, SA 5034",+61(08) 82999955,Karin.Thomson@greencap.com.au,http://www.greencap.com.au,Ms Karin Thomson
1960,National Weighing & Instruments Pty Ltd,"3A Wilford Ave UNDERDALE, SA 5032",+61 1300669162,jamie.connolly@nationalweighing.com.au,http://http://www.nationalweighing.com.au,Mr Jamie Connolly
1115,Australian Water Quality Centre,"SA Water House 250 Victoria Square ADELAIDE, SA 5000",+61 1300653366,Sophia.Dellis@awqc.com.au,http://www.awqc.com.au,Ms Sophia Dellis
1115,Australian Water Quality Centre,"SA Water House 250 Victoria Square ADELAIDE, SA 5000",+61 1300653366,awqccsu@sawater.com.au,http://www.awqc.com.au,- Customer Service
11727,Healey Energy Services Trading as Transcare,"Grove Avenue Gate 3 Marleston, SA 5033",+61(08) 81520092,rod@healeyenergy.com,http://www.transcaretesting.com.au,Mr Rodney Healey
13770,Intertek AIS,"150 - 152 Francis Road WINGFIELD, SA 5013",+61(08) 83450400,hans.zuidland@intertek.com,http://www.intertek.com,Mr Hans Zuidland
19157,Woodville Diagnostic Imaging,"U10 844 - 850 Port Road WOODVILLE , SA 5011",,,,
13770,Intertek AIS,"150 - 152 Francis Road WINGFIELD, SA 5013",+61(08) 83450400,hans.zuidland@intertek.com,http://www.intertek.com,Mr Hans Zuidland
18881,Red Earth NDT Pty Ltd,"16 Playford Crescent SALISBURY NORTH, SA 5108",+61(08) 82681009,Smarries.Beukes@redearthndt.com.au,http://www.redearthndt.com.au,Mr Smarries Beukes
14964,GTA Pty Ltd trading as GLI Australia,"15-31 Ayliffes Road ST MARYS, SA 5042",+61(08) 82771422,N.Gee@gaminglabs.com,http://www.gaminglabs.com,Mr Nathan Gee
14964,GTA Pty Ltd trading as GLI Australia,"15-31 Ayliffes Road ST MARYS, SA 5042",+61(08) 82771422,N.Gee@gaminglabs.com,http://www.gaminglabs.com,Mr Nathan Gee
13658,Intertek Testing Services (Australia) Pty Ltd,"2 Elder Road LARGS NORTH, SA 5016",+61(08) 83011960,Ilya.Havrilenko@intertek.com,http://www.intertek.com,Mr Ilya Havrilenko
14382,Callidus Process Solutions Pty Ltd,"2 Maritime Court GILLMAN, SA 5013",+61(08) 82434600,renee.chappell@callidusgroup.com.au,http://www.callidusgroup.com.au,Ms Renee Chappell
20833,ADELAIDE WEST MRI,"FL 1 152 - 154 Henley Beach Road TORRENSVILLE, SA 5031",,,,
17345,Ademar Medical P/L T/A Frankston Pain Management,"Se 7 18-20 Clarendon St FRANKSTON, VIC 3199",,,,
20502,Adoradum Genomics,"Unit 1 15 Kulin Way MANDURAH, WA 6210",+61 0438946241,Darren.Preece@adoradum.com,,Dr Darren Preece
17215,Advanced Armaments International Pty Ltd,"16-22 Maffra Street COOLAROO, VIC 3048",+61(03) 93015563,mike@dvrengineering.com.au,http://www.ballistictesting.com.au,Mr Mike Nikol
20117,Advanced Drug Solutions,"Unit 5 No. 6 THE HUB Frost Drive MAYFIELD WEST, NSW 2304",+61(02) 49674467,richardv@advanceddrugsolutions.com.au,http://www.advanceddrugsolutions.com.au,Mr R Varnish
20299,Hawa Dane Pty Ltd Empire Office Furniture,"51 - 63 Heaton Street ROCKLEA, QLD 4106",+61 0418768498,TimN@empirefurniture.com.au,http://advancedtesting.com.au,Mr Tim Neale
18439,Advanced Gynaecological Surgery Centre,"Floor 1 18 Dequetteville Tce KENT TOWN, SA 5067",,,,
20229,Advanced Inspection & NDT Pty Ltd,"53A Cambridge Street PENSHURST, NSW 2222",+61 0425253761,Mike.ma@andt.com.au,http://http://www.andt.com.au/,Mr Mike Shun Ma
20414,Advanced Materials Testing Services Pty Ltd trading as MechTest Mech Test,"3/627 Boundary Rd ARCHERFIELD, QLD 4108",+61(07) 32770100,info@mechtest.com.au,http://www.mechtest.com.au,Mr Michael Mansfield
16491,Adventist Healthcare Limited,"185-187 Fox Valley Rd WAHROONGA, NSW 2076",,,,
19703,Assured Environmental Pty Ltd,"Unit 7 142 Tennyson Memorial Avenue TENNYSON, QLD 4105",+61(07) 33331960,timon@assuredenv.com.au,http://http://assuredenv.com.au/,Mr Timon Berger
20806,Aeolian Geotechnical Pty Ltd,"3/52 Secker Road MOUNT BARKER, SA 5251",+61 0484119360,c.eastham@aeoliangeo.com.au,http://aeoliangeo.com.au,Mr Chris Eastham
19238,Raytheon Australia Pty Ltd,"2-4 Ron Boyle Crescent Carole Park, QLD 4300",+61(07) 37182422,Joshua.Ford@raytheon.com.au,http://www.raytheon.com.au,Mr Joshua Ford
1146,AES Environmental,"7A/17 Comalco Court THOMASTOWN, VIC 3074",+61 1300550116,service@aesenvironmental.com.au,http://www.aesenvironmental.com.au,Mr Cameron Ross
14436,Australian Food Corporation Pty Ltd,"26 Coominya Connection Rd COOMINYA, QLD 4311",+61(07) 54265757,trish.maxwell@tyson.com,http://apmea.keystone.com,Mrs P Maxwell
15401,AG&G SERVICES PTY LTD,"Unit 1, 383 Dorset Road BAYSWATER, VIC 3153",+61 1300734093,dennyl@aggservices.com.au,http://www.aggservices.com.au,Mr Denny Lazzari
2227,Age Developments Pty Ltd,"38 Harris Road MALAGA, WA 6090",+61(08) 92092844,rob.peters@agedevelopments.com.au,http://www.agedevelopments.com.au,Mr Robert Peters
20038,Aggregate Services W.A.,"Unit 4/12 Flindell Street O'CONNOR, WA 6163",+61 0474873300,Mark@aggregateserviceswa.com.au,http://www.aggregateservicesWA.com.au,Mr Mark Rolfe
14332,Australian Genome Research Facility,"University of Adelaide Plant Genomics Centre Hartley Grove URRBRAE, SA 5064",+61(08) 83138387,nicole.burtt@agrf.org.au,http://www.agrf.org.au,Ms N Burtt
14332,Australian Genome Research Facility,"St Lucia Research Road, Level 5 Gehrmann Laboratories University Of Queensland, QLD 4072",+61(07) 33469682,david.hawkes@agrf.org.au,http://www.agrf.org.au,Dr David Hawkes
14332,Australian Genome Research Facility,"St Lucia Research Road, Level 5 Gehrmann Laboratories UNIVERSITY OF QUEENSLAND, QLD 4072",+61(07) 33469682,david.hawkes@agrf.org.au,http://www.agrf.org.au,Dr David Hawkes
14332,Australian Genome Research Facility,"Level 13 Victorian Comprehensive Cancer Centre 305 Grattan Street MELBOURNE, VIC 3000",+61(03) 93213736,melinda.ziino@agrf.org.au,http://www.agrf.org.au,Ms M Ziino
14332,Australian Genome Research Facility,"Level 13 Victorian Comprehensive Cancer Centre 305 Grattan Street MELBOURNE, VIC 3000",+61(03) 93213727,melanie.okeefe@agrf.org.au,http://www.agrf.org.au,Miss Melanie O'Keefe
14332,Australian Genome Research Facility,"Level 6, MRF building Rear 50 Murray Street PERTH, WA 6000",+61 0438977325,david.chandler@agrf.org.au,http://www.agrf.org.au,Dr D Chandler
14332,Australian Genome Research Facility,"The Westmead Institute for Medical Research 176 Hawkesbury Road WESTMEAD, NSW 2145",+61(02) 86273221,bhawana.nain@agrf.org.au,http://www.agrf.org.au,Ms B Nain
19057,Intertek Testing Services (Australia) Pty Ltd,"Level 3, 170 Greenhill Road PARKSIDE, SA 5063",+61 0416072045,debbrah.millard@intertek.com,,Ms Debbrah Millard
19057,Intertek Testing Services (Australia) Pty Ltd,"Level 3, 170 Greenhill Road PARKSIDE, SA 5063",,,http://www.intertek.com,
2562,SGS Australia Pty Ltd,"10/585 Blackburn Road NOTTING HILL, VIC 3168",+61(03) 95743276,Kieran.Hopkins@sgs.com,http://http://www.sgs.com.au,Mr Kieran Hopkins
15134,Agrifor Scientific Pty Ltd,"Unit 1, 22-30 Delhi Road NORTH RYDE, NSW 2113",+61(02) 98885253,filip@agrifor.com.au,http://www.agrifor.com.au,Mrs J Skopec
19874,Agrigen Biotech Pty Ltd,"Unit 1 of 4-6 Chaplin Drive Lane Cove West, NSW 2066",+61 0411751766,pmonckton@agrigen.com.au,http://www.agrigen.com.au,Dr Robert Parry Monckton
14951,AgriSolutions Australia Pty Ltd,"Unit 8, 2-8 Kabi Circuit, DECEPTION BAY, QLD 4508",+61(07) 32041115,Andrew.Keats@agrisolutions.com.au,http://www.agrisolutions.com.au,Mr Andrew Gordon Keats
18843,Specialist Medical Imaging,"Grd Fl, Grosefield 29 Grose Street PARRAMATTA, NSW 2150",,,,
19588,Specialist Medical Imaging,"Shop 13 13 Argyle Street PARRAMATTA, NSW 2150",,,,
14277,JAF Australia Pty Ltd T/A Air Equipment Sales,"Unit 1 / 9 Thomas Hanlon Court YATALA, QLD 4207",+61(07) 33820441,aes@japanairfilter.com,,Mr Allan Treloar
3181,Robson Environmental Pty Ltd,"140 Gladstone Street FYSHWICK, ACT 2609",+61(02) 62395656,john@robsonenviro.com.au,http://www.robsonenviro.com.au,Mr John Robson
15841,Air Noise Environment Pty Ltd,"Unit 3 4 Tombo Street Capalaba, QLD 4157",,,http://www.ane.com.au,
16646,"Department of Primary Industries, Parks, Water & Environment","13 St Johns Avenue NEW TOWN, TAS 7008",+61(03) 61654601,troy.porter@epa.tas.gov.au,http://http://epa.tas.gov.au/epa/air,Mr Tony Porter
14926,Air-Met Scientific Pty Ltd,"7-11 Ceylon Street NUNAWADING, VIC 3131",+ 1800000744,arnold.perez@airmet.com.au,http://www.airmet.com.au,Mr Arnold Perez
14926,Air-Met Scientific Pty Ltd,"135 Sydney Street MACKAY, QLD 4740",+61 0429882042,arnold.perez@airmet.com.au,http://http://www.airmet.com.au,Mr Arnold Perez
14926,Air-Met Scientific Pty Ltd,"7-11 Ceylon Street NUNAWADING, VIC 3131",+61 0429882042,arnold.perez@airmet.com.au,http://www.airmet.com.au,Mr Arnold Perez
18053,Defence Science & Technology Group,"506 Lorimer Street PORT MELBOURNE, VIC 3207",+61(03) 96267532,nicholas.athiniotis@dst.defence.gov.au,http://www.dsto.defence.gov.au,Mr Nicholas Athiniotis
20231,Airepure Australia Pty Ltd,"1 / 125 Hayward Avenue TORRENSVILLE, SA 5031",+61 0474900088,j.rowe@airepurecamfil.com.au,http://www.airepure.com.au,Mr Justin Rowe
20682,Airepure Australia Pty Ltd,"64 Geddes Street MULGRAVE, VIC 3170",+61(03) 95620011,n.ristevski@airepure.com.au,http://http://www.airepure.com.au,Mr Nick Ristevski
18436,Airflite Pty Ltd,"26 Newton Road PERTH AIRPORT, WA 6105",+61(08) 94789000,wvanstaden@airflite.com.au,http://www.airflite.com.au,Mr Wynand van Staden
15463,Airlabs Environmental Pty Ltd,"149 Bryants Road LOGANHOLME, QLD 4129",+61(07) 38013762,chris@airlabs.com.au,http://www.airlabs.com.au,Dr Christopher Clunies-Ross
1569,AIS Australian Instrument Services Pty Ltd,"Factories 1 and 2, 21 Stud Road BAYSWATER, VIC 3153",+61(03) 97299399,john@aispl.com.au,http://www.aispl.com.au,Mr John McGuinness
20840,AL NDT & INSPECTIONS,"15 Pengam Street KURABY, QLD 4112",+61 1300943672,info@alndtinspection.com,,Mr Mohammad Sultan
19959,Illawarra Medical Centre,"229 Illawarra Crescent BALLAJURA, WA 6066",,,,
20092,Great Southern Geotechnics Pty Ltd,"5A 209 Chester Pass Rd ALBANY, WA 6330",+61 0407903297,martin@gsgeotechnics.com,http://www.gsgeotechnics.com,Mr Martin Coffey
20318,Structerre Consulting Engineers,"Unit 5, 28/30  Prior Street ALBANY, WA 6330",+61(08) 98411315,albany@structerre.com.au,http://www.structerre.com.au,Mrs Kate Evans
2392,PathWest Laboratory Medicine WA,"Albany Health Campus Level 1, 64 Hardie Road SPENCER PARK, WA 6330",,,http://www.pathwest.com.au,
3158,Western Diagnostic Pathology,"87-89 Albany Highway ALBANY, WA 6330",+61(08) 93170762,quality@wdp.com.au,http://www.wdp.com.au,Mr Saverio Scriva
2204,Dorevitch Pathology,"201 Borella Road ALBURY, NSW 2640",+61(02) 60414225,theresa.richards@dorevitch.com.au,http://www.dorevitch.com.au,Ms T Richards
15184,NSW Police Force Forensic Evidence & Technical Services Command,"Albury Police Station 539-543 Olive Street ALBURY, NSW 2640",,,http://www.police.nsw.gov.au,
3477,Reproductive Medicine Albury Albury Day Surgery,"4 Baker Court ALBURY, NSW 2640",+61(02) 60414307,hbakos@monashivfgroup.com,http://www.reproductivemedicine.com.au,Assoc Prof Hassan Bakos
2204,Dorevitch Pathology,"Albury-Wodonga Specialist Centre Unit 1 2 Ramsay Place Albury, NSW 2640",+61(02) 60237345,michael.ribstein@dorevitch.com.au,http://www.dorevitch.com.au,Mr M Ribstein
15840,LMATS Pty Ltd,"Unit 4/856 Leslie Drive ALBURY, NSW 2640",+61 0437690841,admin@lmats.com.au,http://www.lmats.com.au,Mr Wayne Blakeman
20780,Albury Wodonga Geotechnical,"16 Kane Road WODONGA, VIC 3690",+61 0407572489,peter.vella@awgeo.com.au,,Mr Peter Vella
2204,Dorevitch Pathology,"Wodonga Campus 53-81 vermont Street WODONGA, VIC 3690",+61(02) 60517688,louise.hurse@dorevitch.com.au,http://www.dorevitch.com.au,Ms L Hurse
19614,Alcoa Portland Aluminium Pty Ltd Alcoa Portland Aluminium,"Quarry Road Portland, VIC 3305",+61(03) 55215587,paul.pitman@alcoa.com.au,http://www.alcoa.com.au,Mr P Pitman
20426,Alcolizer Pty Ltd,"36 Mumford Place BALCATTA, WA 6021",+61(08) 92307820,nick.fox@alcolizer.com.au,,Mr Nick Fox
2348,SA Pathology,"Aldinga GP Plus Lot 30 Pridham Blvd ALDINGA, SA 5173",+61(08) 82223632,nick.kalamboyias@health.sa.gov.au,http://www.sapathology.sa.gov.au,Mr Nick Kalamboyias
3427,Australian Clinical Labs,"24 Cooper Street ALEXANDRA, VIC 3714",+61 0429183948,Anne.Auld@clinicallabs.com.au,http://www.clinicallabs.com.au,Ms Anne Auld
20784,Alexandra District Health,"Radiology Department 12 Cooper Street ALEXANDRA, VIC 3714",,,,
1986,Construction Sciences Pty Ltd,"33 Applebee Street ST PETERS, NSW 2044",+61 0449137360,alexander.hodge@constructionsciences.net,http://www.constructionsciences.net,Mr Alexander Hodge
20238,Alfagomma Australia Pty Ltd,"1 Tacoma Circuit Canning Vale, WA 6155",,,http://www.alfagomma.com,
2349,Alfred Pathology Service,"55 Commercial Road MELBOURNE, VIC 3004",+61(03) 90763888,j.dagostino@alfred.org.au,http://www.alfred.org.au,Mr J D'Agostino
16399,Alfred Nuclear Medicine and Ultrasound Pty Ltd,"Rpah Medical Centre Se 206 Level 2, 100 Carillon Ave NEWTOWN, NSW 2042",,,,
3158,Western Diagnostic Pathology,"CLP Building No 5 82-84 Todd Street Alice Springs, NT 870",+61(08) 93170762,quality@wdp.com.au,http://www.wdp.com.au,Mr Saverio Scriva
14362,All Safe Lifting Equipment Pty Ltd ALLSAFE LIFTING EQUIPMENT,"2/95 Batt Street PENRITH, NSW 2750",+61 1300144426,troy@allsafegroup.com.au,http://www.allsafelifting.com.au,Mr Troy Sargent
19634,ALL SLIP SOLUTIONS PTY LTD,"Unit 1, 9 - 11 Teamsters Close PORT DOUGLAS, QLD 4877",+61 0424149710,allslipsolutions@gmail.com,http://www.allslipsolutions.com.au,Mr Lee Dilkes
1401,Allunga Exposure Laboratory,"1209 - 1231 Flinders Highway BROOKHILL, QLD 4816",+61(07) 47781697,Test@allunga.com.au,http://www.allunga.com.au,Mr Chris Cooper
14583,Alpha Rigging Service Pty Ltd,"11-13 Herberte Court WURRUK, VIC 3850",+61(03) 51441088,admin@alpharigging.com.au,http://www.alpharigging.com.au,Mr Brayd Gross
14583,Alpha Rigging Service Pty Ltd,"11-13 Herberte Court WURRUK, VIC 3850",+61(03) 51441088,brayd@alpharigging.com.au,http://www.alpharigging.com.au,Mr Brayd Gross
16652,Alpine Health Bright Radiology Dept,"Bright Campus 32-36 Cobden St BRIGHT, VIC 3741",,,,
16653,Alpine Health Myrtleford Radiology Dept,"Myrtleford Campus 30 O'Donnell Ave MYRTLEFORD, VIC 3737",,,,
16574,Alpine Health-Mount Beauty,"Hollands St MOUNT BEAUTY, VIC 3699",,,,
825,Australian Laboratory Services Pty Ltd,"31 Denninup Way MALAGA, WA 6090",+61(08) 93473222,cameron.brosnan@alsglobal.com,http://www.alsglobal.com,Mr C Brosnan
825,Australian Laboratory Services Pty Ltd,"13 Carlton Street KIRWAN, QLD 4817",+61(07) 35528664,Narelle.Drummond@alsglobal.com,http://www.alsglobal.com,Mrs Narelle Drummond
825,Australian Laboratory Services Pty Ltd,"Unit 1A Lot 6 Industrial Close MUSWELLBROOK, NSW 2333",+61(02) 87863150,alina.stefanescu@alsglobal.com,http://www.alsglobal.com,Ms Alina Stefanescu
1749,Boral Asphalt,"540 Gap Road ALSTONVILLE, NSW 2477",+61(02) 49698943,andrew.ritchie@boral.com.au,http://www.boral.com.au,Mr Andrew Ritchie
548,Mobil Refining (Australia) Pty Ltd,"Corner Millers and Kororoit Creek Roads ALTONA, VIC 3018",+61(03) 92175746,bryden.t.pyke@exxonmobil.com,,Mr Bryden Pyke
20574,Altona North Medical Group,"Unit 6/230 Blackshaws Rd ALTONA NORTH, VIC 3025",+61(03) 93933900,stavroula@anmg.com.au,,Ms Stavroula Gerakoulakos
20707,Analytical Laboratories & Technical Services Australia,"585 River Avenue MERBEIN SOUTH, VIC 3505",+61 0439588108,ray.harris@altsa.com.au,http://www.altsa.com.au,Mr Raymond Harris
20689,Hills Private Hospital Clinic HSS,"Suite 11, Level 3, Hills Private Hospital Clinic 499 Windsor Road BAULKHAM HILLS, NSW 2153",,,,
2431,AMAL Analytical Pty Ltd,"27 Shafton Street HUNTINGDALE, VIC 3166",+61(03) 95444111,jeremy@amalanalytical.com.au,http://www.amalanalytical.com.au,Mr Jeremy Martens
19964,AMAP ENGINEERING PTY LTD,"16 Pinacle Street BRENDALE, QLD 4500",+61 0401130321,Aaron.Mulder@amapeng.com,http://www.amapeng.com,Mr Aaron Mulder
17141,Bendigo Radiology,"109 - 111 Lucan St BENDIGO, VIC 3550",,,http://www.bendigoradiology.com.au,
17141,Bendigo Radiology,"Mt Alexander Hospital Castlemaine Cornish Street CASTLEMAINE, VIC 3450",,,http://www.bendigoradiology.com.au,
17401,Ambitious Babes Pty Ltd,"Level 1, Suite 108 320 Victoria Parade EAST MELBOURNE, VIC 3002",,,,
2867,AMCOSH Pty Ltd,"Suites 3 - 4 112 Synnot St Werribee, VIC 3030",+61(03) 97311744,enquiries@amcosh.com.au,http://www.amcosh.com.au,Mr Robert Golec
15801,Ampcontrol CSM Pty Limited,"7 Billbrooke Close CAMERON PARK , NSW 2285",+61(02) 49034800,paul.reynolds@ampcontrolgroup.com,http://www.ampcontrolgroup.com,Mr Paul Reynolds
20314,AmSpec Australia Holdings Pty Ltd,"9 Brock Street PORT ADELAIDE, SA 5015",+61 0473333225,rebecca.spence@amspecgroup.com,http://www.amspecgroup.com,Ms Rebecca Spence
20314,AmSpec Australia Holdings Pty Ltd,"9 Brock Street PORT ADELAIDE, SA 5015",+61(08) 83410352,lee.shilvock@amspecgroup.com,http://www.petrospection.com.au,Mr Lee Shilvock
20314,AmSpec Australia Holdings Pty Ltd,"13 Mews Road FREMANTLE, WA 6959",+61(08) 93398222,stuart.marra@amspecgroup.com,http://www.crcox.com.au,Mr Stuart Marra
9475,AmSpec Australia Pty Ltd,"55a Toll Drive ALTONA NORTH, VIC 3025",,,http://http://www.amspecgroup.com,
9475,AmSpec Australia Pty Ltd,"1st floor, Warehouse 2 3 Anderson Street BANKSMEADOW, NSW 2019",,,http://www.amspecgroup.com,
9475,AmSpec Australia Pty Ltd,"8 Edison Circuit ROCKINGHAM, WA 6168",+61(08) 93398222,ross.mathewson@amspecgroup.com,http://www.amspecgroup.com,Mr Ross Sinclair Mathewson
20596,AMT Group Australasia (Melbourne),"Unit 15 69 Acacia Road FERNTREE GULLY, VIC 3156",+61 0431237038,cameron@amtintlgroup.com.au,,Mr Cameron Welch
18596,Amy Cardiology,"15 Amy Street CAMPSIE, NSW 2194",,,,
557,Ampol Refineries (Qld) Ltd,"South Street LYTTON, QLD 4178",+07 33627323,rduran@ampol.com.au,http://www.ampol.com.au,Mr Richard Duran
831,Nyrstar Port Pirie,"1 Ellen Street PORT PIRIE, SA 5540",+61(08) 86381645,dieter.lunsmann@nyrstar.com,,Mr Dieter Lunsmann
3978,Mount Isa Mines Limited,"Railway Avenue MOUNT ISA, QLD 4825",+61(07) 47442078,david.evrat@glencore.com.au,,Mr David Evrat
14917,Analytical MicroLabs Pty Ltd,"Entrance 3 The Geelong Hospital, Barwon Health Bellerine Street GEELONG, VIC 3220",+61 1300724961,zoltan@barwonhealth.org.au,,Dr Zoltan Nack
20683,Analytical RnD Pty Ltd,"11 Julius Avenue NORTH RYDE, NSW 2113",+61 0412096221,rnimmagadda@analyticalrnd.com.au,http://www.analyticalrnd.com.au,Dr Rama Nimmagadda
66,Australian Export Grains Innovation Centre Limited,"Riverside Corporate Park 1 Rivett Road North Ryde, NSW 2113",+61(02) 80253200,hayfa.salman@aegic.org.au,http://www.aegic.org.au,Dr H Salman
15040,Rio Tinto Aluminium (Bell Bay) Ltd,"Bell Bay Road BELL BAY, TAS 7253",+61(03) 63825444,devin.benheim@riotinto.com,http://https://bellbayaluminium.com.au/,Dr Devin Benheim
3047,Tronox Mining Australia Limited,"Koombana Drive Northshore BUNBURY, WA 6231",+61 0418356232,tracey.eaton@tronox.com,http://www.tronox.com,Mrs Tracey Eaton
3587,CSBP Limited,"Kwinana Beach Road KWINANA BEACH, WA 6167",+61(08) 63785804,christopher.boyd@csbp.com.au,http://www.csbp.com.au,Mr Christopher Boyd
1188,Sanitarium Health Food Company,"582 Freeman's Drive COORANBONG, NSW 2265",+61(02) 49802827,larry.turner@sanitarium.com.au,http://www.sanitarium.com.au,Mr L Turner
12732,Anatpath Services Pty Ltd,"120 - 122 Gardenvale Road GARDENVALE, VIC 3185",+61(03) 95960777,sandra@anatpath.com.au,http://www.anatpath.com.au,Mrs Sandra Van Brummelen
20119,Andrew Peace Wines,"4077 Murray Valley Highway Piangil, VIC 3597",+61(03) 50305291,marion@apwines.com,http://http://www.apwines.com/,Mrs Marion Peace
2555,Women's and Children's Pathology The Royal Children's Hospital,"321 Cardigan Street CARLTON, VIC 3053",+61(03) 93454386,anthea.obrien@rch.org.au,http://www.rch.org.au/andrology,Ms Anthea O'Brien
1758,"S Smith & Son Pty Ltd, Trading as:The Yalumba Wine Company","40 Eden Valley Road ANGASTON, SA 5353",+61(08) 85613335,pweckert@yalumba.com,,Ms Paula Weckert
19274,Angeltouch Pty Ltd,"Suite 2 11 Elizabeth Street LIVERPOOL, NSW 2170",,,,
2971,Eastern Health Pathology,"Level 2, 39 Albert  Street UPPER FERNTREE GULLY, VIC 3156",+61(03) 98953565,janet.steele@easternhealth.org.au,http://www.easternhealth.org.au/services/pathology,Ms Janet Steele
384,"Dept of Primary Industries, Parks, Water and Environment","165 Westbury Road LAUNCESTON, TAS 7250",+61(03) 67772101,Jim.Lentern@dpipwe.tas.gov.au,http://www.dpipwe.tas.gov.au,Mr Jim Lentern
384,"Dept of Primary Industries, Parks, Water and Environment","165 Westbury Road LAUNCESTON, TAS 7250",+61(03) 67772101,Jim.Lentern@dpipwe.tas.gov.au,http://www.dpipwe.tas.gov.au,Mr Jim Lentern
1720,Anlock Pty Ltd trading as Falcon Test Engineers,"44 Stephen Road DANDENONG, VIC 3175",+61(03) 97067758,john@falcontest.com,http://www.falcontest.com.au,Mr John Donkers
19571,ANMAC Concrete Testing Services,"105 Harold Keys Drive NARRE WARREN, VIC 3805",+61 0415753203,antonio.macasinag@yahoo.com,,Mr Antonio Macasinag
19756,ANNALIYAH PTY LTD,"149 Campbell Parade BEACHMERE, QLD 4510",+61(07) 54962689,Annaliyah01@gmail.com,http://www.annaliyah.com,Mr Colin Woodford
14243,LSI Medience Corporation,"3-29-1 Shimura, Itabashi-ku, TOKYO 174-8555 JAPAN , JAPAN",+81 359942360,ikekita.ayako@mv.medience.co.jp,http://www.medience.co.jp,Ms Ayako Ikekita
14355,Master Calibration Co Ltd,"547 Soi Ratchadanivat, Kwaeng Samsennok, Khet Huaykwang BANGKOK   10310 , THAILAND",+66 22742978,Calibrate@mastercalibration.com,http://www.mastercalibration.com,Mr Thanadet Yuvawanitchakorn
1126,APA VTS Australia (Operations) Pty Ltd,"180 Greens Road DANDENONG, VIC 3175 AUSTRALIA",+61(03) 85332181,andrew.adams@apa.com.au,http://www.apa.com.au,Mr Andrew Adams
14545,"Asia Pacific Centre for Animal Health, Melbourne Veterinary School, The University of Melbourne","Facility of Veterinary and Agricultural Sciences 250 Princes Highway WERRIBEE, VIC 3030 AUSTRALIA",+61(03) 97312025,deniseo@unimelb.edu.au,http://http://fvas.unimelb.edu.au/research/research-areas/apcah/about,Ms Denise O'Rourke
20827,Apex Sports Physicians,"Suite 3 Level 1 83 Myers Street GEELONG, VIC 3220 AUSTRALIA",,,,
17310,The Royal Children's Hospital,"Day Medical Care West Building, Level 2 50 Flemington Road PARKVILLE, VIC 3052 AUSTRALIA",+61(03) 93457638,dianne.tucker@rch.org.au,http://www.rch.org.au,Ms Dianne Tucker
17354,"Austin Health Cannulation and Apheresis Treatment Services, Austin Campus","145 Studley Road HEIDELBERG, VIC 3084 AUSTRALIA",+61(03) 94963390,pina.polidano@austin.org.au,http://www.austin.org.au,Ms P Polidano
16999,St Vincent's Hospital Melbourne,"Cancer Centre, Level 1 Building D Victoria Parade FITZROY, VIC 3065 AUSTRALIA",+61(03) 92314818,lesa.stewart@svha.org.au,http://www.svha.org.au,Ms Lesa Stewart
20816,The Children's Hospital Westmead,"Apheresis Unit Cnr Hawkesbury Rd and Hainsworth St WESTMEAD, NSW 2145 AUSTRALIA",+61(02) 98450045,janelle.hewlett@health.nsw.gov.au,http://https://schn.health.nsw.gov.au,Ms Janelle Hewlett
18685,Wollongong Hospital,"Apheresis Unit, Haematology Department Level 7 Crown Street WOLLONGONG, NSW 2500 AUSTRALIA",+61(02) 42534715,Frances.owen@health.nsw.gov.au,http://www.health.nsw.gov.au,Ms Frances Owen
18824,ACT Government Canberra Health Services Directorate,"Haematology Outpatients Level 4, Building 19, The Canberra Hospital Yamba Drive GARRAN, ACT 2605 AUSTRALIA",+61(02) 62442738,Loretta.huckstepp@act.gov.au,http://http://www.health.act.gov.au/c/health,Ms Loretta Huckstepp
18673,"Transplant & Apheresis Service, Barwon Health","Rooms 13 - 14, Baxter Wing, Level 6 University Hospital Geelong Ryrie Street Geelong, VIC 3220 AUSTRALIA",+61(03) 42152715,Jenny.Hempton@barwonhealth.org.au,,Ms Jenny Hempton
19329,Lyberty Pty Ltd Point of Care Diagnostics Australia Pty Ltd,"260 Anson Street ORANGE, NSW 2800 AUSTRALIA",+61(02) 63614016,drpaul@acfm.com.au,http://http://www.acfm.com.au/,Dr Paul Drabsch
17189,Applecross Ultrasound,"4 Riseley Street APPLECROSS, WA 6153 AUSTRALIA",,,,
14331,Applied Measurement Australia Pty Ltd,"5/27 Thornton Crescent MITCHAM, VIC 3132 AUSTRALIA",+61(03) 98745777,craignyssen@appliedmeasurement.com.au,http://www.appliedmeasurement.com.au,Mr Craig Nyssen
15119,Environment Protection Authority of Victoria Applied Science Group,"Centre for Applied Sciences Ernest Jones Drive MACLEOD, VIC 3085 AUSTRALIA",+61(03) 84582392,michael.ernest@epa.vic.gov.au,http://www.epa.vic.gov.au,Mr Michael Ernest
20256,Applus Pty Ltd,"2A Osborne Street Chinchilla, QLD 4413 AUSTRALIA",+61(08) 94109300,Damian.Tanner@applus.com,http://www.applus.com.au,Mr Damian Tanner
20469,Applus PNG Limited,"Unit 11 Section 53 Allotment 15,16 Ume Street  Gordons Port Moresby , PAPUA NEW GUINEA",+675 70306084,ardoan.umboh@applus.com,http://www.applus-png.com,Mr Ardoan Umboh
20537,South West Radiology,"Centric Building 'B' SE 5-9 4 Hyde Parade CAMPBELLTOWN, NSW 2560 AUSTRALIA",,,,
14921,APTS Pty Ltd,"39 Success Way HENDERSON, WA 6166 AUSTRALIA",+61(08) 94121561,bwright@apts.com.au,http://http://www.apts.com.au,Mr Ben Wright
14921,APTS Pty Ltd,"57 Machinery Drive DARRA, QLD 4076 AUSTRALIA",+ 1300825632,mbarrington@apts.com.au,http://www.apts.com.au,Mr Mitch Barrington
14921,APTS Pty Ltd,"39 Success Way HENDERSON, WA 6166 AUSTRALIA",+61(08) 94121500,mricciardo@apts.com.au,http://www.apts.com.au,Mr Matthew Ricciardo
14921,APTS Pty Ltd,"39 Sucess Way HENDERSON, WA 6166 AUSTRALIA",+61(08) 94121500,matthew.ricciardo@apts.com.au,http://www.apts.com.au,Mr Matthew Ricciardo
593,APV Engineering & Testing Services Pty Ltd,"1521 Hume Highway CAMPBELLFIELD, VIC 3061 AUSTRALIA",+61(03) 93555723,ted.kieca@apvcorporation.com,http://www.apvtechcentre.com,Mr Ted Kieca
14759,AQUA-ASSETS Pty. Limited,"4 Wordie Place PADSTOW, NSW 2211 AUSTRALIA",+61(02) 97080800,megan.young@aquaassets.com.au,http://www.aqua2020assets.com.au,Mrs Megan Young
20312,James Cook University,"Building 32, College of Science and Engineering James Cook Drive JAMES COOK UNIVERSITY, QLD 4811 AUSTRALIA",+61(07) 47815537,kelly.condon@jcu.edu.au,,Mrs Kelly Condon
19489,Aquesta Specialised Uropathology,"21 Lissner Street TOOWONG, QLD 4066 AUSTRALIA",,,http://www.aquestapathology.com.au,
1881,Downer EDI Works,"150 Boniface Street ARCHERFIELD, QLD 4108 AUSTRALIA",+61 0418713125,Travis.Patten@downergroup.com,,Mr Travis Patten
14249,Invetus Pty Ltd,"Trevenna Road WEST ARMIDALE, NSW 2350 AUSTRALIA",+61(02) 67703200,grogers@invetus.com,http://http://www.invetus.com,Mr Gavin Rogers
16100,Hunter New England Imaging,"Rusden St ARMIDALE, NSW 2350 AUSTRALIA",,,,
20558,Armstrong Flooring Pty Ltd,"29 - 39 Mills Road BRAESIDE, VIC 3195 AUSTRALIA",+61 0412199855,pbyron@armstrongflooring.com,http://https://armstrongflooring.com.au,Mr Peter Byron
4679,Aitken Rowe Testing Laboratories Pty Ltd,"1/60 Boronia Street NORTH ALBURY, NSW 2640 AUSTRALIA",+61(02) 60401661,josh@artl.com.au,http://www.aitkenrowe.com.au,Mr Josh Galinovic
4679,Aitken Rowe Testing Laboratories Pty Ltd,"17b Battista Street GRIFFITH, NSW 2680 AUSTRALIA",+61(02) 69645551,michael@artl.com.au,http://www.aitkenrowe.com.au,Mr Michael Scremin
4679,Aitken Rowe Testing Laboratories Pty Ltd,"4/2 Riedell Street WAGGA WAGGA, NSW 2650 AUSTRALIA",+61(02) 69395555,gary@artl.com.au,http://www.aitkenrowe.com.au,Mr Gary Lyons
17139,Safe Environments Pty Limited,"Unit 4 / 40 Bessemer St BLACKTOWN, NSW 2148 AUSTRALIA",+61(02) 96213706,info@safeenvironments.com.au,http://www.safeenvironments.com.au,Mr Carl Strautins
19066,Alpha Environmental Pty Ltd,"205/134 Cambridge Street Collingwood, VIC 3066 AUSTRALIA",+61(03) 94158002,tim.chao@alphaenviro.com.au,http://www.alphaenvironmental.com.au,Mr Tim Chao
13234,HAZCON Pty Ltd,"107 Princes Highway Baw Baw Technology Centre Trafalgar, VIC 3824 AUSTRALIA",+61(03) 56332011,hazcon@hazcon.com.au,http://www.hazcon.com.au,Ms Petrina Abbott
17139,Safe Environments Pty Limited,"Unit 4 / 40 Bessemer St BLACKTOWN, NSW 2148 AUSTRALIA",+61(02) 96213706,carl@safeenvironments.com.au,http://www.safeenvironments.com.au,Mr Carl Strautins
17365,Australian Superintendence Company Pty Ltd,"467 Vulture Street EAST BRISBANE, QLD 4169 AUSTRALIA",+61(07) 33918640,aparry@asc.co,http://http://www.asc.co,Mr Andrew Parry
20768,ASC Pty Ltd,"694 Mersey Road OSBORNE, SA 5017 AUSTRALIA",+61(08) 83487856,ingrid.brundin@asc.com.au,http://www.asc.com.au,Ms Ingrid Brundin
20313,Australian Soil and Concrete Testing Pty Ltd,"Unit 2 / 37 Northlink Place VIRGINIA, QLD 4014 AUSTRALIA",+61(07) 32567536,brisbane.north@asct.com.au,http://www.asct.com.au,Mr J Johnstone
20656,ASCT Illawarra P/L,"7/3 Hargraves Avenue ALBION PARK RAIL, NSW 2527 AUSTRALIA",+61(02) 42561684,jack.mckillop@asct.com.au,,Mr Jack McKillop
20078,ASCT Sydney South,"Unit 18 2 - 8 Daniel Street WETHERILL PARK, NSW 2164 AUSTRALIA",+61 0410609142,david.heathcote@asct.com.au,http://www.asct.com.au,Mr David Ronald Heathcote
20569,Australian Soil and Concrete Testing Pty Ltd,"Unit 3 11 Jarah Road TUMUT, NSW 2720 AUSTRALIA",+61(02) 66868567,office@asct.com.au,http://https://www.asct.com.au/,Mr Luke Thompson
15464,ASG Exical Pty Ltd as trustee for the ASG Exical Unit Trust,"7/1 Trade Park Drive TULLAMARINE, VIC 3043 AUSTRALIA",+61 1300880414,dario.lodkowski@asgxtech.com.au,http://www.asgxtech.com.au,Mr Dario Lodkowski
2997,Southern Critical Care Pty Ltd,"Critical Care Unit Ashford Hospital 55 Anzac Highway ASHFORD, SA 5035 AUSTRALIA",+61(08) 83755548,ashford@southerncriticalcare.com.au,,Ms A Ertugrul
18578,ASIA-PACIFIC INSPECTION and TESTING PTY LTD,"10 Sandy Drive VICTORIA POINT, QLD 4165 AUSTRALIA",+61 0448886519,crackman10@hotmail.com,,Mr Michael Drohan
4664,Australian Steel Mill Services Pty Ltd,"21 Process Area Springhill Road PORT KEMBLA, NSW 2505 AUSTRALIA",+61(02) 42551138,fuyguc@asms.com.au,http://www.asms.com.au,Mr Ferit Uyguc
631,BLUESCOPE STEEL (AIS) PTY. LTD.,"BlueScope Steel-Central Laboratory Five Islands Road PORT KEMBLA, NSW 2505 AUSTRALIA",+61 0457547972,andrew.micallef@bluescope.com,http://www.bluescopesteel.com,Mr Matt Quince
20529,Asphalt Suppliers Pty Ltd,"30 Industrial Drive ULVERSTONE, TAS 7315 AUSTRALIA",+61(03) 64257557,lab@hardingshotmix.com.au,,Mr Michael Layton
5064,Downer EDI Works Pty Ltd,"429 Flagstaff Gully Road LINDISFARNE, TAS 7015 AUSTRALIA",+61(03) 62438088,thomas.dawson@downergroup.com,http://www.downergroup.com.au,Mr Michael Rainbird
15600,Asphaltech (Vic) Pty Ltd,"138 Freight Drive SOMERTON, VIC 3062 AUSTRALIA",+61(03) 93037833,labVIC@asphaltech.com.au,http://www.asphaltech.com.au,Mr Chris Mladenis
14812,ASSA ABLOY Australia Pty Limited,"235 Huntingdale Road OAKLEIGH, VIC 3166 AUSTRALIA",+61(03) 85743438,chris.korvin@assaabloy.com,http://www.assaabloy.com,Mr Chris Korvin
19876,Agena Bioscience Inc Asia Pacific,"Ground Floor 27 Jeays Street BOWEN HILLS, QLD 4006 AUSTRALIA",+61(07) 30881607,brett.chapman@agenabio.com,http://http://agenabio.com/,Mr Brett Chapman
15189,Transport for NSW,"Level 6, 110 George Street PARRAMATTA, NSW 2150 AUSTRALIA",,,http://www.transport.nsw.gov.au,
19550,ATC Work Smart Inc,"5 Barker Road ALBANY, WA 6330 AUSTRALIA",,,http://www.atcworksmart.com.au,
2639,Pathology Queensland,"52-56 Jack Street ATHERTON, QLD 4883 AUSTRALIA",+61(07) 40910235,Elisha.newman@health.qld.gov.au,http://www.health.qld.gov.au,Miss Elisha Newman
2196,Atlas Chains,"35 Manton Street BULIMBA, QLD 4171 AUSTRALIA",+61(07) 38992933,sales@atlaschains.com.au,http://www.atlaschains.com.au,Mr Sam Stylianou
20498,Atlas Geotechnical Services Pty Ltd,"49/93-97 Newton Road WETHERILL PARK, NSW 2164 AUSTRALIA",+61 0426267115,mh@atlasgeoservice.com.au,http://www.atlasgeoservice.com.au,Mr Mahmudul Hossain
19670,Asbestos Testing and Sampling Pty Ltd,"7A/8 Trotters Lane PROSPECT VALE, TAS 7250 AUSTRALIA",+61 0439778992,trent@atslabs.com.au,http://www.atslabs.com.au,Mr Trent Mendelssohn
14233,Victoria Police Forensic Services Department,"Level 10, 313 Spencer Street DOCKLANDS, VIC 3008 AUSTRALIA",,,,
19483,Aurecon Australasia Pty Ltd,"850 Collins St DOCKLANDS, VIC 3008 AUSTRALIA",+61(03) 99753221,ning.yu@aurecongroup.com,http://www.aurecongroup.com,Mr Ning Yu
19161,Aurora Environmental Perth,"Dilhorn House 2 Bulwer Street PERTH, WA 6000 AUSTRALIA",+61(08) 92272600,colin.outhwaite@auroraenvironmental.com.au,http://www.auroraenvironmental.com.au,Mr Colin Outhwaite
19161,Aurora Environmental Perth,"Dilhorn House 2 Bulwer Street Perth, WA 6000 AUSTRALIA",+61(08) 92272600,colin.outhwaite@auroraenvironmental.com.au,http://www.auroraenvironmental.com.au,Mr Colin Outhwaite
14169,Ausco Modular Pty Ltd,"103 Riverview Road RIVERVIEW , QLD 4303 AUSTRALIA",+61(07) 38647800,carlo.paneni@ausco.com.au,http://www.ausco.com.au,Dr Carlo Paneni
15338,AusHealth Corporate Pty Ltd,"65 Hardys Road Underdale, SA 5032 AUSTRALIA",+61 0417441838,jedwards@aushealth.com.au,http://www.aushealth.com.au,Dr John Edwards
19759,Aussie Fluid Power Pty Ltd,"136 Cockburn Road NORTH COOGEE, WA 6163 AUSTRALIA",+61(08) 93352937,mkerrigan@aussiefluidpower.com.au,http://www.aussiefluidpower.com.au,Mr Chris Martin
14496,Austech Medical Laboratories (Trading for KSPC Pty Ltd),"32 Cottam Avenue BANKSTOWN, NSW 2200 AUSTRALIA",+61(02) 97242255,carl7410@yahoo.com,http://www.austechlabs.com.au,Dr Carl Zhang
17696,Austin Health,"Level 3, Lance Townsend Buidling 145-161 Studley Rd HEIDELBERG, VIC 3084 AUSTRALIA",,,,
18014,Austin Hospital - Vascular Surgery Unit,"6 North, Austin Tower 155 Studley Rd HEIDELBERG, VIC 3084 AUSTRALIA",,,,
17861,Austin Health Neurodiagnostic Department,"Austin Tower Neuroscience Laboratory, 6 North 145-161 Studley Rd Heidelberg, VIC 3084 AUSTRALIA",,,,
17924,Austin Hospital/Radiology Department,"Austin Hospital/Radiology Department 145 - 161 Studley Rd HEIDELBERG, VIC 3084 AUSTRALIA",,,,
17925,Heidelberg Repatriation Hospital/Radiology Dept,"Ground Floor Centaur Wing 300 Waterdale Rd HEIDELBERG WEST, VIC 3081 AUSTRALIA",,,,
17409,Austin Health Department of Nuclear Medicine,"Level 2, Centaur Building 300 Waterdale Rd HEIDELBERG WEST, VIC 3081 AUSTRALIA",,,,
17410,Austin Hospital,"Harold Stokes Building 145 Studley Rd Heidelberg, VIC 3084 AUSTRALIA",,,,
17481,Austin Health/Cardiology Department,"Austin Tower L8 Hsb 145-161 Studley Rd HEIDELBERG, VIC 3084 AUSTRALIA",,,,
2741,Austin Pathology,"145 Studley Road HEIDELBERG, VIC 3084 AUSTRALIA",+61(03) 94965991,nick.crinis@austin.org.au,http://www.austinpathology.org.au,Ms Emma Mackay
10806,Austpath Laboratories,"197 Briens Road NORTHMEAD, NSW 2152 AUSTRALIA",+61(02) 88363333,chandraratnam@austpath.com.au,http://www.austpath.com.au,Dr Edward Chandraratnam
18609,Australasian Society of Diagnostic Genomics,"566 Avonside Road AVONSIDE, NSW 2628 AUSTRALIA",+61 0490040286,asdgqap@gmail.com,http://www.asdgqap.com.au,Ms Jillian Cross
13546,CSIRO - Australian Centre for Disease Preparedness (ACDP),"5 Portarlington Road GEELONG, VIC 3220 AUSTRALIA",+61(03) 52275117,james.watson@csiro.au,http://http://www.csiro.au/en/Research/Facilities/AAHL,Dr James Watson
13546,CSIRO - Australian Centre for Disease Preparedness (ACDP),"5 Portarlington Road GEELONG, VIC 3220 AUSTRALIA",+61(03) 52275279,dwane.obrien@csiro.au,http://http://www.csiro.au/en/Research/Facilities/AAHL,Dr Dwane O'Brien
20036,Australian BioResources Pty Ltd,"9-11 Lackey Road PO Box 322 MOSS VALE, NSW 2577 AUSTRALIA",+61(02) 92958565,enquiries@abr.org.au,http://www.abr.org.au,Ms E Isedale
20550,Australian Cardiac Care Pty Ltd,"19 Lowanna Street SLACKS CREEK, QLD 4127 AUSTRALIA",,,,
18884,Australian Museum,"1 William Street DARLINGHURST, NSW 2010 AUSTRALIA",+61(02) 93206454,David.Alquezar@austmus.gov.au,http://www.australianmuseum.net.au/acwg/,Dr David Alquezar
14442,Australian Radiation Protection and Nuclear Safety Agency,"619 Lower Plenty Road YALLAMBIE, VIC 3085 AUSTRALIA",+61 1800022333,qualitymanager@arpansa.gov.au,http://www.arpansa.gov.au,Mr Allister Prosser
3601,Australian Consumers' Association,"57 Carrington Road MARRICKVILLE, NSW 2204 AUSTRALIA",+61(02) 95773304,cbarnes@choice.com.au,http://www.testresearch.com.au,Mr Chris Barnes
1702,Australian Consumers' Association,"57 Carrington Road MARRICKVILLE, NSW 2204 AUSTRALIA",+61(02) 95773304,testresearch@choice.com.au,,Mr Chris Barnes
17135,University of South Australia,"Building L Mawson Lakes Campus Mawson Lakes Boulevard MAWSON LAKES, SA 5095 AUSTRALIA",+61(08) 83025120,Tim.golding@unisa.edu.au,http://www.unisa.edu.au/afmg,Mr Tim Golding
19609,The Trustee for AK Trust Australian Food Microbiology,"Suite 6 261 Old Northern Road CASTLE HILL, NSW 2154 AUSTRALIA",+61(02) 96344116,craigak@foodcheck.com.au,http://www.australianfoodmicrobiology.com.au,Mr Craig Andrew-Kabilafkas
198,National Measurement Institute NMI Sydney Chemical and Biological Services,"105 Delhi Road North Ryde, NSW 2113 AUSTRALIA",+61(02) 94490184,helen.salouros@measurement.gov.au,http://www.measurement.gov.au,Dr Helen Salouros
20247,Australian Geotechnical Testing,"37 Nicholson Road EVANSTON SOUTH, SA 5116 AUSTRALIA",+61 0435111647,jonl@ausgeotest.com.au,,Mr Jon Lillecrapp
20457,Australian Geotechnical Testing,"2/55 Heinz Road DELACOMBE, VIC 3356 AUSTRALIA",+61 0472589866,RachelS@ausgeotest.com.au,http://www.ausgeotest.com.au,Mr Paul Francis
20245,Australian Geotechnical Testing,"66 Abbotts Road DANDENONG SOUTH, VIC 3175 AUSTRALIA",,,http://www.ausgeotest.com.au,
20246,Australian Geotechnical Testing,"2/1109 Raglan Parade WARRNAMBOOL, VIC 3280 AUSTRALIA",+61 0476249741,leighm@ausgeotest.com.au,,Mr Leigh Myroniuk
13739,Australian Glass and Window Association,"Pymble Corporate Centre Suite 1, Level 1, Building 1 20 Bridge Street PYMBLE, NSW 2073 AUSTRALIA",+61(02) 94982768,russell.harris@agwa.com.au,http://www.agwa.com.au,Mr Russell Harris
14644,Co-operative Bulk Handling Ltd,"700 Abernethy Road FORRESTFIELD, WA 6058 AUSTRALIA",+61(08) 94161352,ian.sproul@cbh.com.au,http://www.cbh.com.au,Mr Ian Sproul
14644,Co-operative Bulk Handling Ltd,"Australian Grain Centre Laboratory 700 Abernethy Road FORRESTFIELD, WA 6058 AUSTRALIA",+61(08) 94161352,Ian.Sproul@cbh.com.au,http://www.cbh.com.au,Mr Ian Sproul
14644,Co-operative Bulk Handling Ltd,"700 Abernethy Road FORRESTFIELD, WA 6058 AUSTRALIA",+61(08) 94161352,ian.sproul@cbh.com.au,http://www.cbh@.com.au,Mr Ian Sproul
20129,Australian Lifting & Safety Pty Limited,"Ultimo Trade Centre Ground Floor Unit E/42-44 Wattle Street Ultimo, NSW 2007 AUSTRALIA",+61(02) 96605320,dave@alsafety.com.au,http://www.alsafety.com.au,Mr David Carr
20876,Australian Meat Group trading as Laboratory Solutions,"342 Hammond Road DANDENONG, VIC 3175 AUSTRALIA",+61(03) 83298584,aportelli@labsolutions.com.au,http://https://www.amg.com.au,Ms Amanda Portelli
19414,Australian Metrology and Calibration Pty Ltd,"11 Erudina Avenue Edwardstown, SA 5039 AUSTRALIA",+61(08) 82764088,jon@metrologyandcalibration.com.au,http://www.metrologyandcalibration.com.au,Mr Jon Latham
15698,Australian National Testing Laboratories Pty Ltd,"Unit 17, 15 Suscatand Street ROCKLEA, QLD 4106 AUSTRALIA",+61(07) 32740737,runwin@gmail.com,http://www.antl.com.au,Mr Richard James Unwin
18906,Australian Precast Solutions,"2 Centra Park Street MACKSVILLE , NSW 2447 AUSTRALIA",+61 0439472911,Amy.Gilmore@lendlease.com,http://www.lendlease.com.au/aps,Ms Amy Gilmore
9727,Australian Pressure Laboratory,"Unit 9, 39 Susan Street ELTHAM, VIC 3095 AUSTRALIA",+61(03) 94313658,sales@auspressurelab.com.au,http://www.auspressurelab.com.au,Mr Liam Shanahan
20344,Macquarie University Australian Proteome Analysis Facility,"Level 4 4 Wally's Walk MACQUARIE UNIVERSITY, NSW 2109 AUSTRALIA",+61(02) 98506219,info.apaf@mq.edu.au,http://www.mq.edu.au/research/APAF,Mrs Anita Stone
3265,Australian Racing Forensic Laboratory,"Level 11 51 Druitt Street SYDNEY, NSW 2000 AUSTRALIA",+61(02) 83445000,johnk@racingnsw.com.au,,Mr J Keledjian
14442,Australian Radiation Protection and Nuclear Safety Agency,"619 Lower Plenty Road YALLAMBIE, VIC 3085 AUSTRALIA",+61 1800022333,qualitymanager@arpansa.gov.au,http://www.arpansa.gov.au,Mr Allister Prosser
14442,Australian Radiation Protection and Nuclear Safety Agency,"619 Lower Plenty Road YALLAMBIE, VIC 3085 AUSTRALIA",+61 1800022333,qualitymanager@arpansa.gov.au,http://www.arpansa.gov.au,Mr Allister Prosser
14342,Australian Rickettsial Reference Laboratory Foundation Ltd,"59 Bellerine Street Entrance 3, University Hospital Geelong GEELONG, VIC 3220 AUSTRALIA",+61(03) 42151357,johns@barwonhealth.org.au,http://www.rickettsialab.org.au,Assoc Prof J Stenos
4050,Snap-on Tools (Australia) Pty Ltd,"80 Holbeche Road ARNDELL PARK, NSW 2148 AUSTRALIA",+61(02) 98379190,Joe.DeLaCruz@snapon.com,http://www.snapontools.com.au,Mr Joe De La Cruz
20042,Australian Solid Fuel Testing Pty Ltd,"3 Garden St MORWELL, VIC 3840 AUSTRALIA",+61(03) 51342887,australiansolidfueltesting@gmail.com,,Mr Steve Marland
17365,Australian Superintendence Company Pty Ltd,"467 Vulture Street EAST BRISBANE, QLD 4169 AUSTRALIA",+61(07) 33918640,aparry@asc.co,http://www.asc.co,Mr Andrew Parry
20179,Queensland University of Technology,"Translational Research Institute Level 7, 37 Kent Street WOOLLOONGABBA, QLD 4102 AUSTRALIA",+61(07) 34437280,Sushil.Narayan@qut.edu.au,http://https://www.tri.edu.au/ATGC,Mr Sushil Narayan
19639,Autix International Pty Ltd,"18 Stanyford Way MEDINA, WA 6167 AUSTRALIA",+61(08) 94193309,brett.gribble@autixinternational.com,http://www.autixinternational.com,Mr Brett Gribble
20559,Autotest Products Pty Ltd,"61-63 Parsons Street KENSINGTON, VIC 3031 AUSTRALIA",+61(03) 88403000,DavidJ@autotest.net.au,http://www.autotest.net.au,Mr David Jenkins
20243,United Cardiology,"Suite 20 1 Lakeside Road EASTWOOD, NSW 2122 AUSTRALIA",,,,
19107,AV Cardiology Pty Ltd,"SE 20 1 Lakeside Road EASTWOOD, NSW 2122 AUSTRALIA",,,,
17949,Aware Womens Health,"SE3 L1 257 Melbourne Street NORTH ADELAIDE, SA 5006 AUSTRALIA",,,,
15516,Department of Defence Air Warfare Centre AWE SQN Electromagnetic Test Facility,"Air Warfare Centre Building 734, RAAF Base EDINBURGH, SA 5111 AUSTRALIA",,,,
2030,The Australian Wine Research Institute,"WIC Central Building Hartley Grove cnr Paratoo Road URRBRAE, SA 5064 AUSTRALIA",+61(08) 83136618,Randell.Taylor@awri.com.au,,Mr Randell Taylor
2030,The Australian Wine Research Institute,"Hartley Grove cnr Paratoo Road Urrbrae, SA 5064 AUSTRALIA",+61(08) 83136600,Leanne.Hoxey@awri.com.au,http://www.awri.com.au/commercial_services/,Mrs Leanne Hoxey
1356,AWTA Product Testing,"1st Floor,  191 Racecourse Road FLEMINGTON, VIC 3031 AUSTRALIA",+61(03) 93712400,sean.bassett@awta.com.au,http://www.awtaproducttesting.com.au,Mr Sean Bassett
983,AWTA Product Testing,"1st Floor, 191 Racecourse Road FLEMINGTON, VIC 3031 AUSTRALIA",+61(03) 93712421,producttesting@awta.com.au,http://www.awtaproducttesting.com.au,Mr Sean Bassett
985,AWTA Product Testing,"1st Floor, 191 Racecourse Road FLEMINGTON, VIC 3031 AUSTRALIA",+61(03) 93712421,sean.bassett@awta.com.au,http://www.awtaproducttesting.com.au,Mr Sean Bassett
13972,Axiom Air Pty Ltd,"12 Allumba Drive IRONBANK , SA 5153 AUSTRALIA",+61(08) 83882075,stacktesting@axiomair.com.au,,Mr David Lapans
10826,AXS PTY LTD,"Unit 7, 37 Connors Road PAGET, QLD 4740 AUSTRALIA",+61(07) 54786366,peter.nelson@axsndt.com.au,http://www.axsndt.com.au,Mr Peter Nelson
15147,Azuma Design Pty Limited,"38 Redfern Street WETHERILL PARK, NSW 2164 AUSTRALIA",+61(02) 96040255,nik.malhotra@alchinlong.com,http://www.azumadesign.com.au,Mr Nik Malhotra
20513,Azuma Test Centre - Hong Kong,"Workshop 6, G/F Worldwide Industrial Center 43-47 Shan Mei Street, Fo Tan , HONG KONG",+852 24947370,george@azuma.com.hk,http://http://www.azuma.com.hk,Mr George Cheung
3618,Boral Resources (Vic) Pty Limited,"Bonnie Vale Road BACCHUS MARSH, VIC 3340 AUSTRALIA",+61 0401986981,troy.hannaford@boral.com.au,http://www.boral.com.au,Mr Troy Hannaford
10882,Quarry-Crete,"54 Young Street BACCHUS MARSH, VIC 3340 AUSTRALIA",+61(03) 53671953,fayepayne191@yahoo.com.au,,Mr William Payne
15357,Terra Firma Laboratories,"72 Dalmahoy Street BAIRNSDALE, VIC 3875 AUSTRALIA",+61(03) 51521766,jcross@terrafirmalabs.com.au,http://terrafirmalabs.com.au,Mr Jason Cross
19841,Bairnsdale Regional Health Service CBD,"183 Main St BAIRNSDALE, VIC 3875 AUSTRALIA",,,,
19299,Baker & Provan Services Pty Limited,"9-11 Power St ST MARYS, NSW 2760 AUSTRALIA",+61(02) 88019025,bob.findlay@bakerprovan.com.au,http://www.bakerprovan.com.au,Mr Robert Findlay
14984,Baker IDI Heart and Diabetes Institute,"Level 4, 99 Commercial Road MELBOURNE , VIC 3004 AUSTRALIA",+61(03) 85321800,neale.cohen@bakeridi.edu.au,http://www.bakeridi.edu.au,Assoc Prof Neale Cohen
18742,Structerre Consulting Engineers,"44 Crocker Drive MALAGA, WA 6090 AUSTRALIA",+61(08) 92054500,tallinson@structerre.com.au,http://www.structerre.com.au,Mr T Allinson
4171,Boral Resources (Vic) Pty. Limited,"67 Old Midland Highway MOUNT ROWAN, VIC 3352 AUSTRALIA",+61 0401897710,marc.boswell@boral.com.au,http://www.boral.com.au,Mr Marc Boswell
14233,Victoria Police Forensic Services Department,"1A Mirelle Drive WINTER VALLEY, VIC 3358 AUSTRALIA",+61(03) 94509753,leanne.hurley@police.vic.gov.au,,Mrs Leanne Hurley
14781,Ballarat IVF,"1119-1123 Howitt Street WENDOUREE, VIC 3355 AUSTRALIA",,,http://www.ballarativf.com.au,
9760,Roadlab Testing Services Pty Ltd,"3 Anchor Drive BALLARAT, VIC 3350 AUSTRALIA",+61(03) 53399235,ballarat@roadlab.com.au,http://www.roadlab.com.au,Mr Owen Talbot
9855,A S James Pty Ltd,"75 Humffray Street North BALLARAT EAST, VIC 3350 AUSTRALIA",+61 0418501420,ballarat@asjames.com.au,http://www.asjames.com.au,Mr Daniel Gunn
2133,Melbourne Pathology Pty Ltd,"63 Victoria Street BALLARAT, VIC 3350 AUSTRALIA",+61(03) 92877716,robyn.woodburn@mps.com.au,http://www.mps.com.au,Ms Robyn Woodburn
3301,Boral Limited,"Lot 2 Learmonth Street ALFREDTON, VIC 3350 AUSTRALIA",+61(03) 53342205,troy.hannaford@boral.com.au,http://www.boral.com.au,Mr Troy Hannaford
19506,"Geotechnical Testing Services, Southern","Unit 6 33 Laidlaw Drive Delacombe, VIC 3356 AUSTRALIA",+61(03) 53356494,info@gts.com.au,http://www.gts.com.au,Mr Mathew Allen
2606,Transport for NSW,"2 Boat Harbour Road BALLINA, NSW 2478 AUSTRALIA",+61 0457837771,Kevin.Waning@rms.nsw.gov.au,http://www.rms.nsw.gov.au,Mr Cary Pawson
828,Douglas Partners Pty Ltd,"2 / 26 Southern Cross Drive BALLINA, NSW 2478 AUSTRALIA",+61(02) 66811744,doug.dengate@douglaspartners.com.au,http://www.douglaspartners.com.au,Mr Doug Dengate
19644,Australian Soil and Concrete Testing,"17  De Havilland Cres BALLINA, NSW 2478 AUSTRALIA",+61(02) 66868567,office@asct.com.au,http://www.asct.com.au,Mr Patrick Paynter
13310,Ballistic and Mechanical Testing Pty Ltd,"100 Turner Street PORT MELBOURNE, VIC 3207 AUSTRALIA",+61 396464211,ben@armourtesting.com,http://www.armourtesting.com,Mr Ben Eu
11914,Ballistic Edge Research Laboratory Pty Ltd,"64 Blanck Street ORMEAU, QLD 4208 AUSTRALIA",+61(07) 55492644,mark@ballisticedge.com.au,http://www.ballisticedge.com.au,Mr Mark Ogilvie
17422,Bankstown Vascular,"Suite 110 Bankstown Medical Centre 68 Eldridge Rd BANKSTOWN, NSW 2200 AUSTRALIA",,,,
17951,South Coast District Hospital Inc,"Bay Rd VICTOR HARBOR, SA 5211 AUSTRALIA",,,,
17979,Strathalbyn & District Health Service,"Radiology Department 14 Alfred Place STRATHALBYN, SA 5255 AUSTRALIA",,,,
17987,Barossa Area Health Services Inc,"15 Mill St TANUNDA, SA 5352 AUSTRALIA",,,,
16097,Hunter New England Imaging,"Barraba Multi Purpose Service, Radiology Department Edward St BARRABA, NSW 2347 AUSTRALIA",,,,
218,ALS Industrial Pty Ltd,"Gorgon Operations BARROW ISLAND, WA 6712 AUSTRALIA",+61(08) 91599745,abufebwialsndt@chevron.com,http://alsglobal.com,Mr Jason Mansfield
14852,OEG Offshore Pty Ltd,"Barry Beach Road Toora, VIC 3962 AUSTRALIA",,,http://www.oegoffshore.com,
